{"stats":{"minecraft:used":{"minecraft:redstone_torch":193,"minecraft:sticky_piston":48,"minecraft:gray_terracotta":68,"minecraft:piston":6,"minecraft:black_concrete":59,"minecraft:orange_concrete":73,"minecraft:dark_oak_log":21,"minecraft:light_gray_concrete":54,"minecraft:red_wool":215,"minecraft:redstone":4132,"minecraft:lime_wool":986,"minecraft:oak_planks":80,"minecraft:blue_wool":1,"minecraft:light_blue_terracotta":61,"minecraft:spruce_planks":15,"minecraft:cyan_concrete":73,"minecraft:magenta_concrete":83,"minecraft:sandstone":4,"minecraft:white_terracotta":75,"minecraft:stone":3,"minecraft:brown_concrete":101,"minecraft:redstone_block":2,"minecraft:spruce_sign":3,"minecraft:pink_wool":104,"minecraft:yellow_wool":114,"minecraft:light_gray_wool":130,"minecraft:white_wool":610,"minecraft:anvil":1,"minecraft:pink_concrete":94,"minecraft:lime_terracotta":82,"minecraft:diamond_block":20,"minecraft:purple_concrete":70,"minecraft:repeater":780,"minecraft:redstone_lamp":233,"minecraft:sand":4,"minecraft:lime_concrete":66,"minecraft:comparator":2,"minecraft:yellow_terracotta":100,"minecraft:light_blue_concrete":115,"minecraft:emerald_block":21,"minecraft:hopper":5,"minecraft:magenta_terracotta":88,"minecraft:spruce_stairs":3,"minecraft:light_blue_wool":543,"minecraft:light_gray_terracotta":88,"minecraft:yellow_concrete":84,"minecraft:orange_wool":565,"minecraft:pink_terracotta":73,"minecraft:gray_concrete":74,"minecraft:acacia_button":43,"minecraft:white_concrete":87,"minecraft:cyan_wool":142,"minecraft:orange_terracotta":63,"minecraft:purple_wool":540},"minecraft:picked_up":{"minecraft:repeater":1,"minecraft:redstone":2},"minecraft:custom":{"minecraft:time_since_rest":131367,"minecraft:sprint_one_cm":4430,"minecraft:walk_one_cm":27237,"minecraft:interact_with_anvil":1,"minecraft:inspect_hopper":6,"minecraft:fly_one_cm":1719098,"minecraft:crouch_one_cm":476,"minecraft:play_one_minute":132479,"minecraft:deaths":1,"minecraft:sneak_time":1869,"minecraft:jump":46,"minecraft:leave_game":3,"minecraft:time_since_death":131341}},"DataVersion":2567}